Patrick,Stevens,PatrickStevens@gmail.com,0318a28219f86a8bcadb
Daniel,Brown,DanielBrown@gmail.com,09094c1b7469023e865a
Michael,Griffin,MichaelGriffin@gmail.com,6ce37559fa7dd28d991e
Miguel,Olson,MiguelOlson@gmail.com,413b0d2af9e0a213677d
Anthony,Lowe,AnthonyLowe@gmail.com,6da47e27c9036a6faf65
Samantha,Schaefer,SamanthaSchaefer@gmail.com,e314fc5198f6531b7756
Jason,Pennington,JasonPennington@gmail.com,f51d7329f435ec98b5a2
William,Salas,WilliamSalas@gmail.com,cebd47c858f44fdcb808
Tracy,Davis,TracyDavis@gmail.com,8c45bb26448b66501b57
Michael,Cervantes,MichaelCervantes@gmail.com,77f05ce627e6c525bc41
Elizabeth,Jennings,ElizabethJennings@gmail.com,5d9ec17e9cb6d094eacf
Joshua,Holt,JoshuaHolt@gmail.com,e35a556a24985046a2b6
Sharon,Allen,SharonAllen@gmail.com,7599ecbdd2cccd51e0f2
Gabriella,Parker,GabriellaParker@gmail.com,1ff4b80bd897db6844b4
Jennifer,Grant,JenniferGrant@gmail.com,5635b3fc1b7a8b029b2b
Jessica,Perry,JessicaPerry@gmail.com,51f85099076e55a1d45e
Jason,Bond,JasonBond@gmail.com,ac4a0c534e103995fde6
Cynthia,Bernard,CynthiaBernard@gmail.com,4a641a6a482dac4d6e51
Scott,Williams,ScottWilliams@gmail.com,a3d680034a54d56ec1fc
Robert,Martinez,RobertMartinez@gmail.com,0fb54c10a68c871fdb44
Tasha,Mercado,TashaMercado@gmail.com,7c5cdbaa1e138ef70275
Randy,Sanders,RandySanders@gmail.com,88179b191aee71131b18
James,Ellis,JamesEllis@gmail.com,213cbb5bdab7c87a0937
Adam,Caldwell,AdamCaldwell@gmail.com,3e4f475c4e321575d5b8
Teresa,Bullock,TeresaBullock@gmail.com,aeff041ccd0b4990ece4
Jason,Kane,JasonKane@gmail.com,29ead301255117ae53d1
Johnathan,Ochoa,JohnathanOchoa@gmail.com,3fadf9cd3191a32ec772
Amanda,Bates,AmandaBates@gmail.com,d97a2d41fc31098d0eca
Madison,Jordan,MadisonJordan@gmail.com,e3ae9a71838c12444b0f
Michelle,Brown,MichelleBrown@gmail.com,da0625e874b475857eec
Christina,Schwartz,ChristinaSchwartz@gmail.com,15c23e63e59ebefde826
Donna,Nunez,DonnaNunez@gmail.com,2a814437d8f557ab99d4
Charles,Holden,CharlesHolden@gmail.com,1c8a7ad744360847853e
Robert,Rios,RobertRios@gmail.com,c8ddf4da21a4a788b531
Julia,Brown,JuliaBrown@gmail.com,491c5ce7ebe5b483efb9
William,Richardson,WilliamRichardson@gmail.com,5b775050947a31306cae
Janet,Moore,JanetMoore@gmail.com,d13a0dd311fdf89bf2ec
Robert,Kaufman,RobertKaufman@gmail.com,33ed99d3bb816c1fb0d4
Jennifer,Lyons,JenniferLyons@gmail.com,34447001c9a2ae05483d
Donald,Davis,DonaldDavis@gmail.com,6878150c03df62bf1ec7
Steven,Cobb,StevenCobb@gmail.com,134b614ce220062da713
Shaun,Fox,ShaunFox@gmail.com,2caaa920c0c68610f9cf
Ryan,Morgan,RyanMorgan@gmail.com,592383070d766a45ac8f
Natalie,Russell,NatalieRussell@gmail.com,2843b41cebff68256c36
Douglas,Alvarado,DouglasAlvarado@gmail.com,b81b610389dd2a3ff65f
Douglas,Thomas,DouglasThomas@gmail.com,11613f093036e609b87f
David,Newton,DavidNewton@gmail.com,017a7d1bba0f6ebdbbd8
Megan,Williams,MeganWilliams@gmail.com,c7cd5ed015d9cd1119b2
James,Jones,JamesJones@gmail.com,a77f556afaab2c8c1ee1
Alicia,Morris,AliciaMorris@gmail.com,eca95564f6a065dfd7d0
Lisa,Davis,LisaDavis@gmail.com,ba4f54d4b0847ecff829
Aaron,Wright,AaronWright@gmail.com,25ac1cb7cf2a10c293d2
Alexis,Brooks,AlexisBrooks@gmail.com,885e0edb700d3d602941
Michele,Pugh,MichelePugh@gmail.com,9f9e7fe3a4c43beef925
Lindsey,Daniels,LindseyDaniels@gmail.com,548050b48afbbc4ed654
John,Jackson,JohnJackson@gmail.com,9c2d2c981d9222d00dd3
Gregory,Shaw,GregoryShaw@gmail.com,13d165e030f7a63e10a0
Tony,Alexander,TonyAlexander@gmail.com,53385e7adb0859c81e9b
Dennis,Smith,DennisSmith@gmail.com,120cd6fe70c9effaea61
Brandon,Mendoza,BrandonMendoza@gmail.com,cec9be390823903328db
Michael,Hutchinson,MichaelHutchinson@gmail.com,ddb78f74a1776057341a
Cindy,Rodriguez,CindyRodriguez@gmail.com,2329b6fb34052d3735bc
Amy,Lloyd,AmyLloyd@gmail.com,6f27804743a567f9e4ed
Zachary,Howard,ZacharyHoward@gmail.com,a6fd8ea63fbf11592cb3
Steven,Ross,StevenRoss@gmail.com,161eba89f265db9555f3
Matthew,Wallace,MatthewWallace@gmail.com,b55fdf0a58b467049bc6
Tiffany,Carlson,TiffanyCarlson@gmail.com,3f992c8cfe21eb0f0f8e
Carl,Lewis,CarlLewis@gmail.com,f9d350fde732d01ff9dc
Suzanne,Bates,SuzanneBates@gmail.com,990f2190dec562a9b20a
Tami,George,TamiGeorge@gmail.com,c5064d3d5018b0a0bad3
Thomas,Young,ThomasYoung@gmail.com,e5e278e1d1e84e44edfd
Tina,Jennings,TinaJennings@gmail.com,e4895560d528be94a8c5
Cindy,Jensen,CindyJensen@gmail.com,4fec42859b18c009a1a8
Jesse,Burton,JesseBurton@gmail.com,d9d8e4909153821be55a
Kaitlyn,Reyes,KaitlynReyes@gmail.com,784162166280aec58a08
Richard,Cunningham,RichardCunningham@gmail.com,34a47a8271990397b314
Frank,Snyder,FrankSnyder@gmail.com,c0f89086bacc7d672a2f
Kristin,Mitchell,KristinMitchell@gmail.com,47bd3e96f1a2533996f4
Kathleen,Henry,KathleenHenry@gmail.com,7dde1b72ff3b444a08c4
Barbara,Chung,BarbaraChung@gmail.com,e25932c675f8af108707
Crystal,Bell,CrystalBell@gmail.com,07e28c116d4eae0154e9
Michael,Mcdowell,MichaelMcdowell@gmail.com,a9acb106fe56ff01aefb
Robert,Garcia,RobertGarcia@gmail.com,20d7bcb76ac4abeb6811
Todd,Dominguez,ToddDominguez@gmail.com,d5b3fbe3b5810efd247b
Michael,Taylor,MichaelTaylor@gmail.com,a8dfa04f622564da1f10
Tiffany,Carter,TiffanyCarter@gmail.com,951c5861fb68edd70ec9
Jonathan,Cook,JonathanCook@gmail.com,4ac4e2aafcbf3b49375b
Bradley,Perez,BradleyPerez@gmail.com,d386f3f2c5fa225cf34c
Anthony,Hanson,AnthonyHanson@gmail.com,ae36a5bcd4cf99234d26
Laura,Nguyen,LauraNguyen@gmail.com,28d3ae411900176b0cf7
Zachary,Mayo,ZacharyMayo@gmail.com,eb42ec390d25b975358a
Thomas,Kline,ThomasKline@gmail.com,9fed1bcfdd2346be8818
Alan,Lawson,AlanLawson@gmail.com,2e73d5ab089ac36d182b
Justin,Vance,JustinVance@gmail.com,a16c2e00b37efbc05b63
Barbara,Briggs,BarbaraBriggs@gmail.com,e2770e615d6d6c2516a4
Thomas,Mullins,ThomasMullins@gmail.com,68156f3d1ad437fd2464
Joshua,Moore,JoshuaMoore@gmail.com,52b55fdbd02d0905762d
Charles,Thomas,CharlesThomas@gmail.com,d6b4008097b141ea176e
Austin,Roberts,AustinRoberts@gmail.com,79ae631db92beb2c1e72
Wesley,Moreno,WesleyMoreno@gmail.com,f9893d871475d6e972e9
