Lisa,Sanders,mgr.,LisaSanders@gmail.com,af4acfa79131e063ceac
Justin,Delgado,mgr.,JustinDelgado@gmail.com,1a93952b00a6ac545f8f
David,Hawkins,mgr.,DavidHawkins@gmail.com,c793a6f94706e2bab8d8
Larry,Hooper,dr.,LarryHooper@gmail.com,9888a64ed172993c911a
Duane,Clark,mgr.,DuaneClark@gmail.com,c65b7a160a5ead853911
Matthew,Klein,prof.,MatthewKlein@gmail.com,90c0d065cf44adf6be2f
Savannah,Beard,mgr.,SavannahBeard@gmail.com,c75f28b5042136faab3b
Justin,Barton,prof.,JustinBarton@gmail.com,2c6d04fd6a90fe1b1087
Michelle,Gibson,dr.,MichelleGibson@gmail.com,d52fdd29ed4e3aaf0b28
Eric,Mullins,,EricMullins@gmail.com,a08f491554c3c2ec6c8d
